{"data":"[{\"name\":\"file\",\"id\":\"0\",\"type\":\"data\"},{\"name\":\"view\",\"id\":\"1\",\"type\":\"data\"},{\"name\":\"logic\",\"id\":\"2\",\"type\":\"data\"},{\"name\":\"resource\",\"id\":\"3\",\"type\":\"data\"},{\"name\":\"library\",\"id\":\"4\",\"type\":\"data\"},{\"name\":\"proguard-rules.pro\",\"id\":\"5\",\"type\":\"data\"},{\"name\":\"proguard\",\"id\":\"6\",\"type\":\"data\"},{\"name\":\"stringfog\",\"id\":\"7\",\"type\":\"data\"},{\"name\":\"icon.png\",\"id\":\"8\",\"type\":\"icons\"},{\"name\":\"update.png\",\"id\":\"9\",\"type\":\"images\"},{\"name\":\"project\",\"id\":\"10\",\"type\":\"project\"}]","id":"55195","version":"368"}